"Country","Area","Year","Population","Emission"
"Afghanistan",652864.0,1990,12412311,2.546
"Afghanistan",652864.0,2005,25654274,1.063
"Afghanistan",652864.0,2017,36296111,11.422
"Albania",28748.0,1990,3286070,6.583
"Albania",28748.0,2005,3086810,4.196
"Albania",28748.0,2017,2884169,5.026
"Algeria",2381741.0,1990,25758872,65.677
"Algeria",2381741.0,2005,33149720,98.197
"Algeria",2381741.0,2017,41389174,159.929
"Angola",1246700.0,1990,11848385,5.851
"Angola",1246700.0,2005,19433604,15.975
"Angola",1246700.0,2017,29816769,30.876
"Anguilla",0,1990,NA,0.006
"Anguilla",0,2005,NA,0.014
"Anguilla",0,2017,NA,0.028
"Antigua and Barbuda",440.0,1990,62533,0.223
"Antigua and Barbuda",440.0,2005,81462,0.283
"Antigua and Barbuda",440.0,2017,95425,0.624
"Argentina",2780400.0,1990,32618648,112.434
"Argentina",2780400.0,2005,38892924,165.429
"Argentina",2780400.0,2017,43937143,209.968
"Armenia",29743.0,1990,3538164,20.699
"Armenia",29743.0,2005,2981262,4.542
"Armenia",29743.0,2017,2944789,4.832
"Aruba",180.0,1990,62152,0.297
"Aruba",180.0,2005,100028,0.47
"Aruba",180.0,2017,105361,0.959
"Australia",7692024.0,1990,16960600,275.408
"Australia",7692024.0,2005,20178543,391.59
"Australia",7692024.0,2017,24584619,402.253
"Austria",83879.0,1990,7723954,62.918
"Austria",83879.0,2005,8253656,80.994
"Austria",83879.0,2017,8819902,72.249
"Azerbaijan",86600.0,1990,7242758,58.077
"Azerbaijan",86600.0,2005,8538610,30.485
"Azerbaijan",86600.0,2017,9845316,32.544
"Bahamas",13878.0,1990,256227,1.524
"Bahamas",13878.0,2005,324848,2.068
"Bahamas",13878.0,2017,381749,2.997
"Bahrain",765.3,1990,495927,11.988
"Bahrain",765.3,2005,889157,23.388
"Bahrain",765.3,2017,1494077,35.775
"Bangladesh",147570.0,1990,103171957,13.868
"Bangladesh",147570.0,2005,139035505,38.834
"Bangladesh",147570.0,2017,159685421,84.546
"Barbados",439.0,1990,260933,0.776
"Barbados",439.0,2005,276320,2.162
"Barbados",439.0,2017,286229,3.172
"Belarus",207595.0,1990,10151135,109.069
"Belarus",207595.0,2005,9562083,61.396
"Belarus",207595.0,2017,9450233,62.34
"Belgium",30528.0,1990,10006545,115.903
"Belgium",30528.0,2005,10546885,118.708
"Belgium",30528.0,2017,11419752,104.221
"Belize",22966.0,1990,187554,0.188
"Belize",22966.0,2005,283798,0.44
"Belize",22966.0,2017,375775,0.44
"Benin",114763.0,1990,4978489,0.415
"Benin",114763.0,2005,7982223,2.839
"Benin",114763.0,2017,11175192,7.097
"Bermuda",0,1990,NA,0.335
"Bermuda",0,2005,NA,0.284
"Bermuda",0,2017,NA,0.429
"Bhutan",38394.0,1990,530801,0.208
"Bhutan",38394.0,2005,648744,0.515
"Bhutan",38394.0,2017,745563,1.454
"Bolivia",1098581.0,1990,6864839,6.287
"Bolivia",1098581.0,2005,9232301,9.998
"Bolivia",1098581.0,2017,11192853,20.462
"Bosnia and Herzegovina",51129.0,1990,4463422,24.559
"Bosnia and Herzegovina",51129.0,2005,3765332,16.89
"Bosnia and Herzegovina",51129.0,2017,3351534,25.618
"Botswana",581730.0,1990,1286756,2.818
"Botswana",581730.0,2005,1799077,4.465
"Botswana",581730.0,2017,2205076,7.913
"Brazil",881913.0,1990,149003225,228.603
"Brazil",881913.0,2005,186127108,380.765
"Brazil",881913.0,2017,207833825,492.791
"Brunei",5765.0,1990,258714,3.397
"Brunei",5765.0,2005,365112,5.174
"Brunei",5765.0,2017,424481,6.711
"Bulgaria",110993.6,1990,8841466,82.271
"Bulgaria",110993.6,2005,7686964,52.032
"Bulgaria",110993.6,2017,7102452,49.568
"Burkina Faso",274200.0,1990,8811033,0.38
"Burkina Faso",274200.0,2005,13421935,1.038
"Burkina Faso",274200.0,2017,19193236,3.399
"Burundi",27834.0,1990,5438959,0.21
"Burundi",27834.0,2005,7364857,0.307
"Burundi",27834.0,2017,10827010,0.289
"Cambodia",181035.0,1990,8975597,0.407
"Cambodia",181035.0,2005,13273355,2.686
"Cambodia",181035.0,2017,16009413,10.56
"Cameroon",475442.0,1990,11780086,7.097
"Cameroon",475442.0,2005,17733408,5.52
"Cameroon",475442.0,2017,24566070,9.768
"Canada",9984670.0,1990,27541323,455.827
"Canada",9984670.0,2005,32164313,581.267
"Canada",9984670.0,2017,36732091,617.301
"Cape Verde",4033.0,1990,337953,0.049
"Cape Verde",4033.0,2005,463034,0.227
"Cape Verde",4033.0,2017,537499,0.955
"Cayman Islands",0,1990,NA,0.148
"Cayman Islands",0,2005,NA,0.188
"Cayman Islands",0,2017,NA,0.493
"Central African Republic",622984.0,1990,2806740,0.159
"Central African Republic",622984.0,2005,4038380,0.246
"Central African Republic",622984.0,2017,4596023,0.486
"Chad",1284000.0,1990,5963250,0.268
"Chad",1284000.0,2005,10096630,0.383
"Chad",1284000.0,2017,15016761,0.925
"Chile",756096.0,1990,13274617,32.654
"Chile",756096.0,2005,16182713,59.747
"Chile",756096.0,2017,18470435,90.325
"China",9596961.0,1990,1176883681,2397.048
"China",9596961.0,2005,1330776380,6263.064
"China",9596961.0,2017,1421021794,10877.218
"Colombia",1141748.0,1990,33102569,51.919
"Colombia",1141748.0,2005,42647731,60.61
"Colombia",1141748.0,2017,48909844,74.954
"Comoros",1861.0,1990,411598,0.049
"Comoros",1861.0,2005,611625,0.115
"Comoros",1861.0,2017,813890,0.206
"Congo",342000.0,1990,2356740,0.902
"Congo",342000.0,2005,3622775,4.359
"Congo",342000.0,2017,5110701,5.514
"Cook Islands",0,1990,NA,0.043
"Cook Islands",0,2005,NA,0.058
"Cook Islands",0,2017,NA,0.047
"Costa Rica",51100.0,1990,3119436,2.913
"Costa Rica",51100.0,2005,4285504,6.306
"Costa Rica",51100.0,2017,4949955,8.138
"Croatia",56594.0,1990,4776370,25.164
"Croatia",56594.0,2005,4378066,23.634
"Croatia",56594.0,2017,4182847,17.466
"Cuba",109884.0,1990,10596986,37.109
"Cuba",109884.0,2005,11261586,26.165
"Cuba",109884.0,2017,11339255,31.277
"Curaçao",444.0,1990,146679,5.474
"Curaçao",444.0,2005,130136,4.774
"Curaçao",444.0,2017,161986,7.519
"Cyprus",9251.0,1990,766616,4.54
"Cyprus",9251.0,2005,1027657,7.883
"Cyprus",9251.0,2017,1179685,7.035
"Czech Republic",78866.0,1990,10340877,162.835
"Czech Republic",78866.0,2005,10258165,127.157
"Czech Republic",78866.0,2017,10641032,109.756
"Democratic Republic of the Congo",2345409.0,1990,34612023,3.441
"Democratic Republic of the Congo",2345409.0,2005,54785894,2.589
"Democratic Republic of the Congo",2345409.0,2017,81398765,3.496
"Denmark",42931.0,1990,5141117,53.705
"Denmark",42931.0,2005,5421701,51.485
"Denmark",42931.0,2017,5732277,33.573
"Djibouti",23200.0,1990,590393,1.101
"Djibouti",23200.0,2005,783248,1.469
"Djibouti",23200.0,2017,944100,1.014
"Dominica",0,1990,NA,0.033
"Dominica",0,2005,NA,0.035
"Dominica",0,2017,NA,0.122
"Dominican Republic",48315.0,1990,7133491,8.024
"Dominican Republic",48315.0,2005,9097262,19.409
"Dominican Republic",48315.0,2017,10513111,23.111
"East Timor",15007.0,1990,737814,0.13
"East Timor",15007.0,2005,995130,0.272
"East Timor",15007.0,2017,1243260,0.422
"Ecuador",283561.0,1990,10230931,16.119
"Ecuador",283561.0,2005,13825839,28.32
"Ecuador",283561.0,2017,16785356,39.507
"Egypt",1010408.0,1990,56134478,90.783
"Egypt",1010408.0,2005,75523576,176.329
"Egypt",1010408.0,2017,96442590,258.668
"El Salvador",21041.0,1990,5270074,2.633
"El Salvador",21041.0,2005,6052124,6.905
"El Salvador",21041.0,2017,6388124,7.857
"Equatorial Guinea",28050.0,1990,419188,0.097
"Equatorial Guinea",28050.0,2005,749527,3.371
"Equatorial Guinea",28050.0,2017,1262008,2.469
"Eritrea",117600.0,1990,2258649,0.214
"Eritrea",117600.0,2005,2826653,0.688
"Eritrea",117600.0,2017,3412894,0.737
"Estonia",45227.0,1990,1565246,38.467
"Estonia",45227.0,2005,1355650,19.643
"Estonia",45227.0,2017,1319389,17.89
"Ethiopia",1104300.0,1990,47887864,2.39
"Ethiopia",1104300.0,2005,76346310,5.327
"Ethiopia",1104300.0,2017,106399926,14.9
"European Union",4233262.0,1990,420477979,4409.339
"European Union",4233262.0,2005,435581949,4249.995
"European Union",4233262.0,2017,446131273,3548.345
"Falkland Islands",0,1990,NA,0.013
"Falkland Islands",0,2005,NA,0.016
"Falkland Islands",0,2017,NA,0.038
"Faroe Islands",0,1990,NA,0.001
"Faroe Islands",0,2005,NA,0.002
"Faroe Islands",0,2017,NA,0.002
"Fiji",18274.0,1990,728575,1.028
"Fiji",18274.0,2005,821606,2.174
"Fiji",18274.0,2017,877460,1.44
"Finland",338424.0,1990,4996220,57.242
"Finland",338424.0,2005,5258933,58.36
"Finland",338424.0,2017,5511372,46.846
"France",640679.0,1990,56666861,386.214
"France",640679.0,2005,61120128,408.158
"France",640679.0,2017,64842513,338.193
"French Guiana",83534.0,1990,115784,0.371
"French Guiana",83534.0,2005,202973,0.491
"French Guiana",83534.0,2017,275189,0.719
"French Polynesia",4167.0,1990,199906,0.839
"French Polynesia",4167.0,2005,258780,0.785
"French Polynesia",4167.0,2017,276108,0.636
"Gabon",267667.0,1990,949493,4.857
"Gabon",267667.0,2005,1390550,6.394
"Gabon",267667.0,2017,2064812,6.564
"Gambia",10689.0,1990,955595,0.149
"Gambia",10689.0,2005,1543745,0.235
"Gambia",10689.0,2017,2213900,0.554
"Georgia",69700.0,1990,5410400,34.745
"Georgia",69700.0,2005,4210158,4.979
"Georgia",69700.0,2017,4008723,11.558
"Germany",357168.0,1990,79053984,1018.097
"Germany",357168.0,2005,81602739,837.284
"Germany",357168.0,2017,82658409,796.529
"Ghana",239567.0,1990,14773274,3.195
"Ghana",239567.0,2005,21814648,7.329
"Ghana",239567.0,2017,29121464,18.626
"Gibraltar",0,1990,NA,0.144
"Gibraltar",0,2005,NA,0.406
"Gibraltar",0,2017,NA,0.627
"Greece",131957.0,1990,10225990,79.201
"Greece",131957.0,2005,11224800,104.835
"Greece",131957.0,2017,10569449,72.145
"Greenland",0,1990,NA,0.003
"Greenland",0,2005,NA,0.631
"Greenland",0,2017,NA,0.518
"Grenada",348.0,1990,96328,0.075
"Grenada",348.0,2005,104658,0.125
"Grenada",348.0,2017,110874,0.28
"Guadeloupe",1628.0,1990,389251,0.875
"Guadeloupe",1628.0,2005,402903,1.035
"Guadeloupe",1628.0,2017,399679,2.257
"Guatemala",108889.0,1990,9263820,3.874
"Guatemala",108889.0,2005,13096028,11.674
"Guatemala",108889.0,2017,16914979,17.76
"Guinea",245836.0,1990,6352282,1.074
"Guinea",245836.0,2005,9109585,1.119
"Guinea",245836.0,2017,12067516,2.731
"Guinea-Bissau",36125.0,1990,975265,0.196
"Guinea-Bissau",36125.0,2005,1344931,0.289
"Guinea-Bissau",36125.0,2017,1828146,0.409
"Guyana",214970.0,1990,743306,0.337
"Guyana",214970.0,2005,746156,0.725
"Guyana",214970.0,2017,775218,1.771
"Haiti",27750.0,1990,7037915,1.147
"Haiti",27750.0,2005,9195289,2.234
"Haiti",27750.0,2017,10982367,3.521
"Honduras",112492.0,1990,4955302,2.351
"Honduras",112492.0,2005,7458982,7.806
"Honduras",112492.0,2017,9429016,10.562
"Hong Kong",2755.0,1990,5727942,34.182
"Hong Kong",2755.0,2005,6769579,41.916
"Hong Kong",2755.0,2017,7306315,44.715
"Hungary",93030.0,1990,10377135,71.929
"Hungary",93030.0,2005,10085942,59.758
"Hungary",93030.0,2017,9729822,50.856
"Iceland",102775.0,1990,255044,2.346
"Iceland",102775.0,2005,294976,3.17
"Iceland",102775.0,2017,334395,4.097
"India",3287263.0,1990,873277799,605.968
"India",3287263.0,2005,1147609924,1210.754
"India",3287263.0,2017,1338676779,2454.774
"Indonesia",1904569.0,1990,181413398,162.0
"Indonesia",1904569.0,2005,226289468,359.989
"Indonesia",1904569.0,2017,264650969,511.327
"Iran",1648195.0,1990,56366212,206.78
"Iran",1648195.0,2005,69762345,467.905
"Iran",1648195.0,2017,80673888,671.45
"Iraq",437072.0,1990,17419113,69.262
"Iraq",437072.0,2005,26922279,89.103
"Iraq",437072.0,2017,37552789,199.296
"Ireland",70273.0,1990,3510881,32.852
"Ireland",70273.0,2005,4141218,47.277
"Ireland",70273.0,2017,4753281,38.914
"Israel",22072.0,1990,4448348,35.291
"Israel",22072.0,2005,6529470,62.149
"Israel",22072.0,2017,8243849,66.916
"Italy",301338.0,1990,57048237,430.762
"Italy",301338.0,2005,58281209,498.205
"Italy",301338.0,2017,60673694,361.176
"Ivory Coast",322463.0,1990,11924873,3.02
"Ivory Coast",322463.0,2005,18354513,6.392
"Ivory Coast",322463.0,2017,24437475,12.505
"Jamaica",10991.0,1990,2419901,7.525
"Jamaica",10991.0,2005,2740000,10.631
"Jamaica",10991.0,2017,2920848,7.546
"Japan",377972.0,1990,124505243,1149.4
"Japan",377972.0,2005,128326115,1276.863
"Japan",377972.0,2017,127502728,1320.776
"Jordan",89341.0,1990,3565888,10.208
"Jordan",89341.0,2005,5765639,19.755
"Jordan",89341.0,2017,9785840,24.565
"Kazakhstan",2724900.0,1990,16383881,250.382
"Kazakhstan",2724900.0,2005,15402803,182.369
"Kazakhstan",2724900.0,2017,18080023,266.207
"Kenya",580367.0,1990,23724574,6.467
"Kenya",580367.0,2005,36624897,8.787
"Kenya",580367.0,2017,50221146,18.594
"Kiribati",811.0,1990,72394,0.02
"Kiribati",811.0,2005,92319,0.033
"Kiribati",811.0,2017,114153,0.03
"Kuwait",17818.0,1990,2095350,31.414
"Kuwait",17818.0,2005,2270196,75.218
"Kuwait",17818.0,2017,4056102,97.151
"Kyrgyzstan",199951.0,1990,4372885,23.696
"Kyrgyzstan",199951.0,2005,5075340,5.475
"Kyrgyzstan",199951.0,2017,6189727,11.18
"Laos",237955.0,1990,4258471,0.211
"Laos",237955.0,2005,5751675,1.038
"Laos",237955.0,2017,6953031,2.818
"Latvia",64589.0,1990,2664447,20.141
"Latvia",64589.0,2005,2251996,8.242
"Latvia",64589.0,2017,1951097,8.049
"Lebanon",10452.0,1990,2803032,5.977
"Lebanon",10452.0,2005,4698761,16.505
"Lebanon",10452.0,2017,6819373,23.102
"Lesotho",30355.0,1990,1703757,0.1
"Lesotho",30355.0,2005,1996115,0.175
"Lesotho",30355.0,2017,2091532,0.754
"Liberia",111369.0,1990,2075917,0.416
"Liberia",111369.0,2005,3218114,0.473
"Liberia",111369.0,2017,4702224,1.129
"Libya",1759541.0,1990,4436663,37.143
"Libya",1759541.0,2005,5798615,56.7
"Libya",1759541.0,2017,6580723,57.584
"Lithuania",65300.0,1990,3696035,35.314
"Lithuania",65300.0,2005,3344259,14.075
"Lithuania",65300.0,2017,2845419,15.311
"Luxembourg",2586.0,1990,381780,11.75
"Luxembourg",2586.0,2005,457848,12.156
"Luxembourg",2586.0,2017,591914,9.54
"Macao",115.3,1990,343816,0.982
"Macao",115.3,2005,482863,1.624
"Macao",115.3,2017,622578,1.28
"Macedonia",25713.0,1990,1996218,11.189
"Macedonia",25713.0,2005,2060280,9.694
"Macedonia",25713.0,2017,2081996,8.049
"Madagascar",587041.0,1990,11598647,0.7
"Madagascar",587041.0,2005,18336722,2.22
"Madagascar",587041.0,2017,25570511,4.156
"Malawi",118484.0,1990,9404499,0.457
"Malawi",118484.0,2005,12625950,1.437
"Malawi",118484.0,2017,17670193,1.572
"Malaysia",330803.0,1990,18029824,59.225
"Malaysia",330803.0,2005,25690615,182.503
"Malaysia",330803.0,2017,31104655,258.783
"Maldives",298.0,1990,223159,0.065
"Maldives",298.0,2005,319604,0.479
"Maldives",298.0,2017,496398,0.964
"Mali",1240192.0,1990,8449915,0.383
"Mali",1240192.0,2005,12775509,0.543
"Mali",1240192.0,2017,18512429,0.951
"Malta",316.0,1990,362017,2.352
"Malta",316.0,2005,404659,2.769
"Malta",316.0,2017,437935,1.876
"Martinique",1128.0,1990,358457,0.944
"Martinique",1128.0,2005,397191,1.12
"Martinique",1128.0,2017,375946,2.374
"Mauritania",1030000.0,1990,2034347,0.684
"Mauritania",1030000.0,2005,3024198,2.911
"Mauritania",1030000.0,2017,4282582,2.962
"Mauritius",2040.0,1990,1055869,1.191
"Mauritius",2040.0,2005,1222010,2.977
"Mauritius",2040.0,2017,1264497,3.993
"Mexico",1972550.0,1990,83943135,290.355
"Mexico",1972550.0,2005,106005199,448.171
"Mexico",1972550.0,2017,124777326,507.183
"Moldova",33846.0,1990,4365562,31.957
"Moldova",33846.0,2005,4159296,8.139
"Moldova",33846.0,2017,4059687,8.263
"Mongolia",1566000.0,1990,2184139,13.151
"Mongolia",1566000.0,2005,2526429,11.083
"Mongolia",1566000.0,2017,3113788,25.747
"Morocco",710850.0,1990,24807461,22.386
"Morocco",710850.0,2005,30455563,44.368
"Morocco",710850.0,2017,35581257,61.584
"Mozambique",801590.0,1990,12987292,1.183
"Mozambique",801590.0,2005,20493927,2.703
"Mozambique",801590.0,2017,28649007,7.754
"Myanmar",676578.0,1990,41335188,4.401
"Myanmar",676578.0,2005,48949931,11.146
"Myanmar",676578.0,2017,53382521,28.462
"Namibia",825615.0,1990,1432899,1.542
"Namibia",825615.0,2005,1938316,2.504
"Namibia",825615.0,2017,2402623,4.299
"Nepal",147181.0,1990,18905480,1.066
"Nepal",147181.0,2005,25744500,3.298
"Nepal",147181.0,2017,27632682,8.218
"Netherlands",41543.0,1990,14965442,161.447
"Netherlands",41543.0,2005,16367153,181.433
"Netherlands",41543.0,2017,17021343,174.77
"New Caledonia",18576.0,1990,170335,1.623
"New Caledonia",18576.0,2005,236441,2.453
"New Caledonia",18576.0,2017,277159,5.912
"New Zealand",268021.0,1990,3398175,24.006
"New Zealand",268021.0,2005,4135353,36.746
"New Zealand",268021.0,2017,4702029,36.795
"Nicaragua",130375.0,1990,4173435,1.945
"Nicaragua",130375.0,2005,5438692,4.312
"Nicaragua",130375.0,2017,6384843,5.919
"Niger",1267000.0,1990,8026592,0.875
"Niger",1267000.0,2005,13624474,0.796
"Niger",1267000.0,2017,21602388,2.497
"Nigeria",923768.0,1990,95212454,68.581
"Nigeria",923768.0,2005,138865014,100.196
"Nigeria",923768.0,2017,190873247,94.847
"North Korea",120540.0,1990,20293057,131.365
"North Korea",120540.0,2005,23904167,79.568
"North Korea",120540.0,2017,25429816,37.774
"Norway",385203.0,1990,4247286,51.454
"Norway",385203.0,2005,4632359,55.403
"Norway",385203.0,2017,5296324,52.492
"Oman",309500.0,1990,1812158,11.884
"Oman",309500.0,2005,2511254,32.964
"Oman",309500.0,2017,4665926,78.421
"Pakistan",8515767.0,1990,107647918,66.27
"Pakistan",8515767.0,2005,160304007,130.354
"Pakistan",8515767.0,2017,207906210,197.297
"Palau",0,1990,NA,2.155
"Palau",0,2005,NA,1.734
"Palau",0,2017,NA,1.411
"Panama",75417.0,1990,2470946,2.735
"Panama",75417.0,2005,3330222,7.204
"Panama",75417.0,2017,4106764,12.256
"Papua New Guinea",462840.0,1990,4615843,2.307
"Papua New Guinea",462840.0,2005,6494902,4.379
"Papua New Guinea",462840.0,2017,8438038,4.351
"Paraguay",406752.0,1990,4223413,2.263
"Paraguay",406752.0,2005,5824095,3.934
"Paraguay",406752.0,2017,6867058,6.535
"Peru",1285216.0,1990,22071433,21.039
"Peru",1285216.0,2005,27866140,31.692
"Peru",1285216.0,2017,31444299,55.931
"Philippines",343448.0,1990,61895169,43.623
"Philippines",343448.0,2005,86326251,81.261
"Philippines",343448.0,2017,105172921,137.154
"Poland",312679.0,1990,37960193,371.139
"Poland",312679.0,2005,38368957,316.256
"Poland",312679.0,2017,37953176,319.028
"Portugal",92212.0,1990,9895358,43.672
"Portugal",92212.0,2005,10508494,68.077
"Portugal",92212.0,2017,10288527,56.771
"Puerto Rico",9104.0,1990,3403168,2.064
"Puerto Rico",9104.0,2005,3631885,2.272
"Puerto Rico",9104.0,2017,3163676,2.164
"Qatar",11581.0,1990,476275,16.291
"Qatar",11581.0,2005,865410,43.435
"Qatar",11581.0,2017,2724727,97.787
"Romania",238397.0,1990,23489156,187.142
"Romania",238397.0,2005,21417287,104.713
"Romania",238397.0,2017,19653966,81.131
"Russia",17075200.0,1990,147531562,2378.921
"Russia",17075200.0,2005,143672125,1733.95
"Russia",17075200.0,2017,145530091,1764.866
"Rwanda",26338.0,1990,7288883,0.525
"Rwanda",26338.0,2005,8840220,0.748
"Rwanda",26338.0,2017,11980960,1.106
"Réunion",2511.0,1990,610584,1.01
"Réunion",2511.0,2005,791598,2.367
"Réunion",2511.0,2017,876131,2.916
"Saint Helena",0,1990,NA,0.01
"Saint Helena",0,2005,NA,0.01
"Saint Helena",0,2017,NA,0.015
"Saint Kitts and Nevis",0,1990,NA,0.034
"Saint Kitts and Nevis",0,2005,NA,0.063
"Saint Kitts and Nevis",0,2017,NA,0.238
"Saint Lucia",617.0,1990,138019,0.076
"Saint Lucia",617.0,2005,163408,0.158
"Saint Lucia",617.0,2017,180955,0.364
"Saint Pierre and Miquelon",0,1990,NA,0.148
"Saint Pierre and Miquelon",0,2005,NA,0.031
"Saint Pierre and Miquelon",0,2017,NA,0.075
"Saint Vincent and the Grenadines",389.0,1990,107489,0.038
"Saint Vincent and the Grenadines",389.0,2005,108617,0.095
"Saint Vincent and the Grenadines",389.0,2017,109826,0.179
"Samoa",2842.0,1990,162797,0.129
"Samoa",2842.0,2005,179722,0.121
"Samoa",2842.0,2017,195358,0.147
"Sao Tome and Principe",1001.0,1990,119211,0.047
"Sao Tome and Principe",1001.0,2005,157472,0.057
"Sao Tome and Principe",1001.0,2017,207086,0.157
"Saudi Arabia",2149690.0,1990,16233786,166.172
"Saudi Arabia",2149690.0,2005,23816175,339.441
"Saudi Arabia",2149690.0,2017,33101183,638.762
"Senegal",196712.0,1990,7526306,2.397
"Senegal",196712.0,2005,11090123,5.8
"Senegal",196712.0,2017,15419354,9.689
"Serbia and Montenegro",91286.0,1990,9517677,66.388
"Serbia and Montenegro",91286.0,2005,9193818,61.497
"Serbia and Montenegro",91286.0,2017,8829623,62.487
"Seychelles",459.0,1990,70572,0.288
"Seychelles",459.0,2005,88652,0.678
"Seychelles",459.0,2017,96418,0.968
"Sierra Leone",71740.0,1990,4319763,0.741
"Sierra Leone",71740.0,2005,5645629,0.493
"Sierra Leone",71740.0,2017,7488427,1.309
"Singapore",721.5,1990,3012968,31.623
"Singapore",721.5,2005,4265693,42.998
"Singapore",721.5,2017,5708042,55.018
"Slovakia",49035.0,1990,5288455,60.537
"Slovakia",49035.0,2005,5398962,42.194
"Slovakia",49035.0,2017,5447903,37.855
"Slovenia",20273.0,1990,2006404,16.623
"Slovenia",20273.0,2005,1994979,18.3
"Slovenia",20273.0,2017,2076395,15.209
"Solomon Islands",28400.0,1990,311869,0.133
"Solomon Islands",28400.0,2005,469918,0.187
"Solomon Islands",28400.0,2017,636030,0.146
"Somalia",637657.0,1990,7225089,0.695
"Somalia",637657.0,2005,10446856,0.765
"Somalia",637657.0,2017,14589165,0.927
"South Africa",1221037.0,1990,36800507,312.463
"South Africa",1221037.0,2005,47880595,433.17
"South Africa",1221037.0,2017,57009751,467.654
"South Korea",100210.0,1990,42918416,270.056
"South Korea",100210.0,2005,48701069,514.946
"South Korea",100210.0,2017,51096408,673.324
"South Sudan",619.0,1990,5492620,5.536
"South Sudan",619.0,2005,7535931,10.773
"South Sudan",619.0,2017,10910774,21.056
"Spain",505990.0,1990,39202524,229.966
"Spain",505990.0,2005,44019118,368.948
"Spain",505990.0,2017,46647425,282.364
"Sri Lanka",65610.0,1990,17325769,4.187
"Sri Lanka",65610.0,2005,19544988,14.421
"Sri Lanka",65610.0,2017,21128028,23.978
"Suriname",163821.0,1990,405169,0.908
"Suriname",163821.0,2005,499461,1.686
"Suriname",163821.0,2017,570501,2.213
"Swaziland",17364.0,1990,822423,0.602
"Swaziland",17364.0,2005,1030575,1.541
"Swaziland",17364.0,2017,1124808,1.247
"Sweden",450295.0,1990,8567375,58.117
"Sweden",450295.0,2005,9038627,55.877
"Sweden",450295.0,2017,9904895,50.874
"Switzerland",41285.0,1990,6652873,44.955
"Switzerland",41285.0,2005,7386818,47.161
"Switzerland",41285.0,2017,8455797,39.738
"Syria",185180.0,1990,12446168,33.876
"Syria",185180.0,2005,18361178,25.582
"Syria",185180.0,2017,17095669,28.377
"Taiwan",36197.0,1990,20478516,124.383
"Taiwan",36197.0,2005,22705719,269.099
"Taiwan",36197.0,2017,23674546,279.74
"Tajikistan",143100.0,1990,5283811,12.267
"Tajikistan",143100.0,2005,6789318,3.263
"Tajikistan",143100.0,2017,8880270,5.699
"Tanzania",947303.0,1990,25203848,2.096
"Tanzania",947303.0,2005,38450323,5.78
"Tanzania",947303.0,2017,54660345,14.65
"Thailand",513120.0,1990,56558196,93.009
"Thailand",513120.0,2005,65416189,225.613
"Thailand",513120.0,2017,69209817,279.296
"Togo",56785.0,1990,3774310,0.765
"Togo",56785.0,2005,5611643,1.327
"Togo",56785.0,2017,7698476,2.843
"Tonga",748.0,1990,95069,0.064
"Tonga",748.0,2005,100908,0.12
"Tonga",748.0,2017,102002,0.136
"Trinidad and Tobago",5131.0,1990,1221121,14.895
"Trinidad and Tobago",5131.0,2005,1296497,34.45
"Trinidad and Tobago",5131.0,2017,1384060,37.745
"Tunisia",163610.0,1990,8242509,14.705
"Tunisia",163610.0,2005,10106778,23.355
"Tunisia",163610.0,2017,11433438,31.63
"Turkey",783356.0,1990,53921758,149.893
"Turkey",783356.0,2005,67903461,246.169
"Turkey",783356.0,2017,81116451,429.563
"Turkmenistan",491210.0,1990,3683978,45.628
"Turkmenistan",491210.0,2005,4754652,52.851
"Turkmenistan",491210.0,2017,5757667,72.474
"Turks and Caicos Islands",0,1990,NA,0.007
"Turks and Caicos Islands",0,2005,NA,0.005
"Turks and Caicos Islands",0,2017,NA,0.165
"Uganda",241038.0,1990,17354395,0.644
"Uganda",241038.0,2005,27684590,1.664
"Uganda",241038.0,2017,41166588,5.042
"Ukraine",603628.0,1990,51463101,783.21
"Ukraine",603628.0,2005,46890775,354.429
"Ukraine",603628.0,2017,44487708,205.723
"United Arab Emirates",83600.0,1990,1828437,56.922
"United Arab Emirates",83600.0,2005,4588222,122.395
"United Arab Emirates",83600.0,2017,9487206,202.802
"United Kingdom",242495.0,1990,57134377,589.038
"United Kingdom",242495.0,2005,60287953,561.543
"United Kingdom",242495.0,2017,66727463,379.15
"United States of America",9833520.0,1990,252120309,5085.897
"United States of America",9833520.0,2005,294993509,5971.571
"United States of America",9833520.0,2017,325084758,5107.393
"Uruguay",176215.0,1990,3109598,3.893
"Uruguay",176215.0,2005,3321799,5.483
"Uruguay",176215.0,2017,3436645,6.93
"Uzbekistan",448978.0,1990,20398347,123.106
"Uzbekistan",448978.0,2005,26427785,116.386
"Uzbekistan",448978.0,2017,31959774,95.35
"Vanuatu",12189.0,1990,146575,0.13
"Vanuatu",12189.0,2005,209282,0.063
"Vanuatu",12189.0,2017,285499,0.091
"Venezuela",716445.0,1990,19632665,109.268
"Venezuela",716445.0,2005,26432445,152.464
"Venezuela",716445.0,2017,29402480,145.877
"Vietnam",331230.8,1990,67988855,20.182
"Vietnam",331230.8,2005,83832662,99.231
"Vietnam",331230.8,2017,94600643,218.729
"Virgin Islands",346.0,1990,103755,0.026
"Virgin Islands",346.0,2005,107801,0.032
"Virgin Islands",346.0,2017,104745,0.149
"Western Sahara",266000.0,1990,217258,0.144
"Western Sahara",266000.0,2005,437516,0.227
"Western Sahara",266000.0,2017,552617,0.276
"Yemen",527968.0,1990,11709987,6.887
"Yemen",527968.0,2005,20107416,21.768
"Yemen",527968.0,2017,27834811,12.503
"Zambia",752618.0,1990,8036849,2.955
"Zambia",752618.0,2005,11856244,2.457
"Zambia",752618.0,2017,16853608,4.967
"Zimbabwe",390757.0,1990,10432409,17.178
"Zimbabwe",390757.0,2005,12076697,11.388
"Zimbabwe",390757.0,2017,14236599,12.087
